SOP Type,SOP Number,Document Date,Customer Number,Customer Name,Document Amount,Customer Class,Will Purchase,Sales Territory,Salesperson ID,State
Quote,ORDST2225,5/23/2027 0:00,CENTRALD0001,Central Distributing,1925.95,USA-MNWI-T4,,TERRITORY 4,SANDRA M.,WI
Quote,QTEST1022,3/5/2027 0:00,AARONFIT0001,Aaron Fitz Electrical,85.55,USA-ILMO-T1,,TERRITORY 1,PAUL W.,IL
Quote,QTEST1023,3/5/2027 0:00,BAKERSEM0001,Baker's Emporium Inc.,10.65,USA-INMI-T2,,TERRITORY 2,GREG E.,IN
Quote,ORDST2226,4/12/2027 0:00,AARONFIT0001,Aaron Fitz Electrical,930.2,USA-ILMO-T1,,TERRITORY 1,PAUL W.,IL
Quote,ORDST2227,4/12/2027 0:00,BERRYMED0001,Berry Medical Center,1683.35,USA-MNWI-T4,,TERRITORY 4,SANDRA M.,WI
Quote,ORDST2228,4/12/2027 0:00,CELLULAR0001,Cellular Express,571.65,USA-ILMO-T1,,TERRITORY 1,PAUL W.,IL
Quote,ORDST2229,4/12/2027 0:00,ALTONMAN0001,Alton Manufacturing,43982.01,USA-INMI-T2,,TERRITORY 2,GREG E.,MI
Quote,FULORD1000,4/12/2027 0:00,AARONFIT0001,Aaron Fitz Electrical,358.25,USA-ILMO-T1,,TERRITORY 1,PAUL W.,IL
Quote,FULORD1001,4/12/2027 0:00,ADAMPARK0001,Adam Park Resort,522.6,USA-INMI-T2,,TERRITORY 2,GREG E.,IN
Quote,FULORD1002,4/12/2027 0:00,ADVANCED0001,Advanced Paper Co.,191,USA-ILMO-T1,,TERRITORY 1,PAUL W.,IL
Quote,FULORD1003,4/12/2027 0:00,AARONFIT0001,Aaron Fitz Electrical,49.85,USA-ILMO-T1,,TERRITORY 1,PAUL W.,IL
Quote,FULORD1004,4/12/2027 0:00,ADVANCED0001,Advanced Paper Co.,24.95,USA-ILMO-T1,,TERRITORY 1,PAUL W.,IL
Quote,FULORD1005,4/12/2027 0:00,ADAMPARK0001,Adam Park Resort,89.55,USA-INMI-T2,,TERRITORY 2,GREG E.,IN
Quote,FULORD1006,4/12/2027 0:00,AARONFIT0001,Aaron Fitz Electrical,5828.55,USA-ILMO-T1,,TERRITORY 1,PAUL W.,IL
Quote,FULORD1007,4/12/2027 0:00,ADAMPARK0001,Adam Park Resort,759.65,USA-INMI-T2,,TERRITORY 2,GREG E.,IN
Quote,FULORD1008,4/12/2027 0:00,AARONFIT0001,Aaron Fitz Electrical,192.45,USA-ILMO-T1,,TERRITORY 1,PAUL W.,IL
Quote,RMA002001,8/6/2028 0:00,GREENWAY0001,Greenway Foods,2806.61,USA-ILMO-T1,,TERRITORY 1,PAUL W.,IL
Quote,QTEST1024,4/12/2027 0:00,AARONFIT0001,Aaron Fitz Electrical,34240,USA-ILMO-T1,,TERRITORY 1,PAUL W.,IL
Quote,ORDST2230,4/12/2027 0:00,BAKERSEM0001,Baker's Emporium Inc.,135.2,USA-INMI-T2,,TERRITORY 2,GREG E.,IN
Quote,ORDST2231,4/12/2027 0:00,BAKERSEM0001,Baker's Emporium Inc.,34240,USA-INMI-T2,,TERRITORY 2,GREG E.,IN
Quote,ORDST2232,4/12/2027 0:00,ROSELLEN0001,Rosellen General Hospital,34240,CAN-ONMBSK-T6,,TERRITORY 6,GARY W.,SK
Order,ORD1000,5/8/2024 0:00,MAGNIFIC0001,Magnificent Office Images,385.15,CAN-ONMBSK-T6,Posted,TERRITORY 6,GARY W.,MB
Order,ORD1001,5/10/2024 0:00,HOLLINGC0001,Holling Communications Inc.,128.3,USA-ILMO-T1,Posted,TERRITORY 1,PAUL W.,MO
Order,ORD1002,5/7/2024 0:00,METROPOL0001,Metropolitan Fiber Systems,10.65,USA-MNWI-T4,Posted,TERRITORY 4,SANDRA M.,WI
Order,ORD1007,5/10/2024 0:00,ASTORSUI0001,Astor Suites,31.95,USA-INMI-T2,Posted,TERRITORY 2,GREG E.,IN
Order,ORDPH1001,5/4/2024 0:00,CONTOSOL0001,"Contoso, Ltd.",73947.65,USA-IAKSNE-T3,Posted,TERRITORY 3,NANCY B.,NE
Order,ORDPH1005,5/10/2024 0:00,LECLERC0001,LeClerc & Associates,406.5,CAN-PQMT-T5,Posted,TERRITORY 5,FRANCINE B.,PQ
Order,ORDPH1006,5/10/2024 0:00,BOYLESCO0001,Boyle's Country Inn's,731.94,AUSTRALIA-T8,Posted,TERRITORY 8,IAN M.,VIC
Order,ORDST2061,2/22/2026 0:00,METROPOL0001,Metropolitan Fiber Systems,64.15,USA-MNWI-T4,Posted,TERRITORY 4,SANDRA M.,WI
Order,ORDST2063,2/22/2026 0:00,ASTORSUI0001,Astor Suites,1433.75,USA-INMI-T2,Posted,TERRITORY 2,GREG E.,IN
Order,ORDST2064,2/22/2026 0:00,PLAZAONE0001,Plaza One,205.7,USA-MNWI-T4,Posted,TERRITORY 4,SANDRA M.,MN
Order,ORDST2065,2/23/2026 0:00,HOLLINGC0001,Holling Communications Inc.,203.25,USA-ILMO-T1,Posted,TERRITORY 1,PAUL W.,MO
Order,ORDST2049,2/14/2026 0:00,METROPOL0001,Metropolitan Fiber Systems,2567.95,USA-MNWI-T4,Posted,TERRITORY 4,SANDRA M.,WI
Order,ORDST2050,2/15/2026 0:00,MAHLERST0001,Mahler State University,2399.95,USA-MNWI-T4,Posted,TERRITORY 4,SANDRA M.,MN
Order,ORDST2051,2/16/2026 0:00,LAWRENCE0001,Lawrence Telemarketing,5135.9,USA-IAKSNE-T3,Posted,TERRITORY 3,NANCY B.,KS
Order,ORDST2052,2/17/2026 0:00,BLUEYOND0001,Blue Yonder Airlines,2399.95,USA-IAKSNE-T3,Posted,TERRITORY 3,NANCY B.,KS
Order,ORDST2053,2/17/2026 0:00,ASTORSUI0001,Astor Suites,10.65,USA-INMI-T2,Posted,TERRITORY 2,GREG E.,IN
Order,ORDST2054,2/18/2026 0:00,PLAZAONE0001,Plaza One,2567.95,USA-MNWI-T4,Posted,TERRITORY 4,SANDRA M.,MN
Order,ORDST2055,2/18/2026 0:00,VANCOUVE0001,Vancouver Resort Hotels,171.1,CAN-ABBCYKNWTT7,Posted,TERRITORY 7,ERIN J.,BC
Order,ORDST2056,2/19/2026 0:00,AARONFIT0001,Aaron Fitz Electrical,2567.95,USA-ILMO-T1,Posted,TERRITORY 1,PAUL W.,IL
Order,ORDST2057,2/19/2026 0:00,AARONFIT0001,Aaron Fitz Electrical,342.19,USA-ILMO-T1,Posted,TERRITORY 1,PAUL W.,IL
Order,ORDST2058,2/20/2026 0:00,PLAZAONE0001,Plaza One,2567.95,USA-MNWI-T4,Posted,TERRITORY 4,SANDRA M.,MN
Order,ORDST2059,2/20/2026 0:00,CENTRALC0001,Central Communications LTD,2567.95,USA-ILMO-T1,Posted,TERRITORY 1,PAUL W.,IL
Order,ORDST2060,2/21/2026 0:00,MAGNIFIC0001,Magnificent Office Images,256.59,CAN-ONMBSK-T6,Posted,TERRITORY 6,GARY W.,MB
Order,RMA002000,8/31/2027 0:00,COMPUTER0003,Computer Equipment Leasing,2064,AUSTRALIA-T8,Posted,TERRITORY 8,IAN M.,NSW
Order,ORDST2066,2/23/2026 0:00,BREAKTHR0001,Breakthrough Telemarketing,21.3,CAN-PQMT-T5,Posted,TERRITORY 5,FRANCINE B.,PQ
Order,ORDST2067,2/24/2026 0:00,HOLLINGC0001,Holling Communications Inc.,256.59,USA-ILMO-T1,Posted,TERRITORY 1,PAUL W.,MO
Order,ORDST2068,2/25/2026 0:00,AARONFIT0001,Aaron Fitz Electrical,406.5,USA-ILMO-T1,Posted,TERRITORY 1,PAUL W.,IL
Order,ORDST2069,2/25/2026 0:00,CONTOSOL0001,"Contoso, Ltd.",652.65,USA-IAKSNE-T3,Posted,TERRITORY 3,NANCY B.,NE
Order,ORDST2070,2/26/2026 0:00,VANCOUVE0001,Vancouver Resort Hotels,117.65,CAN-ABBCYKNWTT7,Posted,TERRITORY 7,ERIN J.,BC
Order,ORDST2071,2/27/2026 0:00,PLAZAONE0001,Plaza One,609.75,USA-MNWI-T4,Posted,TERRITORY 4,SANDRA M.,MN
Order,ORDST2072,2/28/2026 0:00,CENTRALC0001,Central Communications LTD,1219.49,USA-ILMO-T1,Posted,TERRITORY 1,PAUL W.,IL
Order,ORDST2073,2/28/2026 0:00,MAGNIFIC0001,Magnificent Office Images,812.99,CAN-ONMBSK-T6,Posted,TERRITORY 6,GARY W.,MB
Order,ORDST2074,3/1/2026 0:00,METROPOL0001,Metropolitan Fiber Systems,1919.9,USA-MNWI-T4,Posted,TERRITORY 4,SANDRA M.,WI
Order,ORDST2075,3/2/2026 0:00,MAHLERST0001,Mahler State University,359.85,USA-MNWI-T4,Posted,TERRITORY 4,SANDRA M.,MN
Order,ORDST2076,3/2/2026 0:00,LAWRENCE0001,Lawrence Telemarketing,27699.9,USA-IAKSNE-T3,Posted,TERRITORY 3,NANCY B.,KS
Order,ORDST2077,3/3/2026 0:00,BLUEYOND0001,Blue Yonder Airlines,109.95,USA-IAKSNE-T3,Posted,TERRITORY 3,NANCY B.,KS
Order,ORDST2078,3/3/2026 0:00,ASTORSUI0001,Astor Suites,49.75,USA-INMI-T2,Posted,TERRITORY 2,GREG E.,IN
Order,ORDST2079,3/4/2026 0:00,PLAZAONE0001,Plaza One,29.85,USA-MNWI-T4,Posted,TERRITORY 4,SANDRA M.,MN
Order,ORDST2080,3/4/2026 0:00,VANCOUVE0001,Vancouver Resort Hotels,19.9,CAN-ABBCYKNWTT7,Posted,TERRITORY 7,ERIN J.,BC
Order,ORDST2081,3/4/2026 0:00,AARONFIT0001,Aaron Fitz Electrical,239.9,USA-ILMO-T1,Posted,TERRITORY 1,PAUL W.,IL
Order,ORDST2082,3/4/2026 0:00,AARONFIT0001,Aaron Fitz Electrical,219.9,USA-ILMO-T1,Posted,TERRITORY 1,PAUL W.,IL
Order,ORDST2083,3/5/2026 0:00,PLAZAONE0001,Plaza One,159.8,USA-MNWI-T4,Posted,TERRITORY 4,SANDRA M.,MN
Order,ORDST2084,3/6/2026 0:00,CENTRALC0001,Central Communications LTD,19.95,USA-ILMO-T1,Posted,TERRITORY 1,PAUL W.,IL
Order,ORDST2085,3/7/2026 0:00,MAGNIFIC0001,Magnificent Office Images,2679.9,CAN-ONMBSK-T6,Posted,TERRITORY 6,GARY W.,MB
Order,ORDST2086,3/8/2026 0:00,METROPOL0001,Metropolitan Fiber Systems,569.85,USA-MNWI-T4,Posted,TERRITORY 4,SANDRA M.,WI
Order,ORDST2087,3/9/2026 0:00,ASTORSUI0001,Astor Suites,41549.85,USA-INMI-T2,Posted,TERRITORY 2,GREG E.,IN
Order,ORDST2088,3/10/2026 0:00,MAHLERST0001,Mahler State University,759.8,USA-MNWI-T4,Posted,TERRITORY 4,SANDRA M.,MN
Order,ORDST2089,3/11/2026 0:00,LAWRENCE0001,Lawrence Telemarketing,569.85,USA-IAKSNE-T3,Posted,TERRITORY 3,NANCY B.,KS
Order,ORDST2090,3/11/2026 0:00,BLUEYOND0001,Blue Yonder Airlines,1919.9,USA-IAKSNE-T3,Posted,TERRITORY 3,NANCY B.,KS
Order,ORDST2091,3/11/2026 0:00,ASTORSUI0001,Astor Suites,119.95,USA-INMI-T2,Posted,TERRITORY 2,GREG E.,IN
Order,ORDST2092,3/12/2026 0:00,PLAZAONE0001,Plaza One,55399.8,USA-MNWI-T4,Posted,TERRITORY 4,SANDRA M.,MN
Order,ORDST2093,3/13/2026 0:00,VANCOUVE0001,Vancouver Resort Hotels,329.85,CAN-ABBCYKNWTT7,Posted,TERRITORY 7,ERIN J.,BC
Order,ORDST2094,3/14/2026 0:00,AARONFIT0001,Aaron Fitz Electrical,119.4,USA-ILMO-T1,Posted,TERRITORY 1,PAUL W.,IL
Order,ORDST2095,3/14/2026 0:00,AARONFIT0001,Aaron Fitz Electrical,358.2,USA-ILMO-T1,Posted,TERRITORY 1,PAUL W.,IL
Order,ORDST2096,3/15/2026 0:00,PLACEONE0001,Place One Suites,39.8,CAN-ABBCYKNWTT7,Posted,TERRITORY 7,ERIN J.,BC
Order,ORDST2097,3/16/2026 0:00,CENTRALC0001,Central Communications LTD,239.9,USA-ILMO-T1,Posted,TERRITORY 1,PAUL W.,IL
Order,ORDST2098,3/17/2026 0:00,MAGNIFIC0001,Magnificent Office Images,1099.5,CAN-ONMBSK-T6,Posted,TERRITORY 6,GARY W.,MB
Order,ORDST2099,3/17/2026 0:00,METROPOL0001,Metropolitan Fiber Systems,159.8,USA-MNWI-T4,Posted,TERRITORY 4,SANDRA M.,WI
Order,ORDST2100,3/18/2026 0:00,ASTORSUI0001,Astor Suites,39.9,USA-INMI-T2,Posted,TERRITORY 2,GREG E.,IN
Order,ORDST2101,3/18/2026 0:00,PLAZAONE0001,Plaza One,8039.7,USA-MNWI-T4,Posted,TERRITORY 4,SANDRA M.,MN
Order,ORDST2102,3/18/2026 0:00,HOLLINGC0001,Holling Communications Inc.,239.85,USA-ILMO-T1,Posted,TERRITORY 1,PAUL W.,MO
Order,ORDST2103,3/19/2026 0:00,BREAKTHR0001,Breakthrough Telemarketing,21599.55,CAN-PQMT-T5,Posted,TERRITORY 5,FRANCINE B.,PQ
Order,ORDST2104,3/20/2026 0:00,HOLLINGC0001,Holling Communications Inc.,799.5,USA-ILMO-T1,Posted,TERRITORY 1,PAUL W.,MO
Order,ORDST2105,3/21/2026 0:00,MAHLERST0001,Mahler State University,28799.4,USA-MNWI-T4,Posted,TERRITORY 4,SANDRA M.,MN
Order,ORDST2106,3/22/2026 0:00,LAWRENCE0001,Lawrence Telemarketing,4799.9,USA-IAKSNE-T3,Posted,TERRITORY 3,NANCY B.,KS
Order,ORDST2107,3/23/2026 0:00,BLUEYOND0001,Blue Yonder Airlines,59.95,USA-IAKSNE-T3,Posted,TERRITORY 3,NANCY B.,KS
Order,ORDST2108,3/24/2026 0:00,ASTORSUI0001,Astor Suites,479.6,USA-INMI-T2,Posted,TERRITORY 2,GREG E.,IN
Order,ORDST2109,3/25/2026 0:00,PLAZAONE0001,Plaza One,1339.95,USA-MNWI-T4,Posted,TERRITORY 4,SANDRA M.,MN
Order,ORDST2110,3/26/2026 0:00,VANCOUVE0001,Vancouver Resort Hotels,419.4,CAN-ABBCYKNWTT7,Posted,TERRITORY 7,ERIN J.,BC
Order,ORDST2111,3/27/2026 0:00,AARONFIT0001,Aaron Fitz Electrical,189.95,USA-ILMO-T1,Posted,TERRITORY 1,PAUL W.,IL
Order,ORDST2112,3/28/2026 0:00,AARONFIT0001,Aaron Fitz Electrical,39.8,USA-ILMO-T1,Posted,TERRITORY 1,PAUL W.,IL
Order,ORDST2113,3/29/2026 0:00,PLAZAONE0001,Plaza One,359.7,USA-MNWI-T4,Posted,TERRITORY 4,SANDRA M.,MN
Order,ORDST2114,3/30/2026 0:00,AARONFIT0001,Aaron Fitz Electrical,569.85,USA-ILMO-T1,Posted,TERRITORY 1,PAUL W.,IL
Order,ORDST2115,3/31/2026 0:00,BREAKTHR0001,Breakthrough Telemarketing,1219.9,CAN-PQMT-T5,Posted,TERRITORY 5,FRANCINE B.,PQ
Order,ORDST2116,3/31/2026 0:00,HOLLINGC0001,Holling Communications Inc.,109.95,USA-ILMO-T1,Posted,TERRITORY 1,PAUL W.,MO
Order,ORDST2117,1/1/2027 0:00,CONTOSOL0001,"Contoso, Ltd.",3263.24,USA-IAKSNE-T3,Posted,TERRITORY 3,NANCY B.,NE
Order,ORDST2131,1/10/2027 0:00,CONTOSOL0001,"Contoso, Ltd.",203.25,USA-IAKSNE-T3,Posted,TERRITORY 3,NANCY B.,NE
Order,ORDST2132,1/11/2027 0:00,VANCOUVE0001,Vancouver Resort Hotels,652.65,CAN-ABBCYKNWTT7,Posted,TERRITORY 7,ERIN J.,BC
Order,ORDST2133,1/12/2027 0:00,PLAZAONE0001,Plaza One,1016.24,USA-MNWI-T4,Posted,TERRITORY 4,SANDRA M.,MN
Order,ORDST2134,1/13/2027 0:00,CENTRALC0001,Central Communications LTD,31.95,USA-ILMO-T1,Posted,TERRITORY 1,PAUL W.,IL
Order,ORDST2135,1/14/2027 0:00,MAGNIFIC0001,Magnificent Office Images,770.3,CAN-ONMBSK-T6,Posted,TERRITORY 6,GARY W.,MB
Order,ORDST2136,1/15/2027 0:00,METROPOL0001,Metropolitan Fiber Systems,31.95,USA-MNWI-T4,Posted,TERRITORY 4,SANDRA M.,WI
Order,ORDST2137,1/15/2027 0:00,MAHLERST0001,Mahler State University,11999.9,USA-MNWI-T4,Posted,TERRITORY 4,SANDRA M.,MN
Order,ORDST2138,1/17/2027 0:00,LAWRENCE0001,Lawrence Telemarketing,7415.05,USA-IAKSNE-T3,Posted,TERRITORY 3,NANCY B.,KS
Order,ORDST2139,1/18/2027 0:00,BLUEYOND0001,Blue Yonder Airlines,1349.95,USA-IAKSNE-T3,Posted,TERRITORY 3,NANCY B.,KS
Order,ORDST2140,1/19/2027 0:00,ASTORSUI0001,Astor Suites,31.95,USA-INMI-T2,Posted,TERRITORY 2,GREG E.,IN
Order,ORDST2141,1/21/2027 0:00,PLAZAONE0001,Plaza One,812.99,USA-MNWI-T4,Posted,TERRITORY 4,SANDRA M.,MN
Order,ORDST2142,1/22/2027 0:00,VANCOUVE0001,Vancouver Resort Hotels,30066.47,CAN-ABBCYKNWTT7,Posted,TERRITORY 7,ERIN J.,BC
Order,ORDST2143,1/23/2027 0:00,AARONFIT0001,Aaron Fitz Electrical,128.35,USA-ILMO-T1,Posted,TERRITORY 1,PAUL W.,IL
Order,ORDST2144,1/24/2027 0:00,AARONFIT0001,Aaron Fitz Electrical,117.65,USA-ILMO-T1,Posted,TERRITORY 1,PAUL W.,IL
Order,ORDST2145,1/30/2027 0:00,PLAZAONE0001,Plaza One,256.7,USA-MNWI-T4,Posted,TERRITORY 4,SANDRA M.,MN
Order,ORDST2146,2/2/2027 0:00,METROPOL0001,Metropolitan Fiber Systems,53.24,USA-MNWI-T4,Posted,TERRITORY 4,SANDRA M.,WI
Order,ORDST2147,2/3/2027 0:00,MAHLERST0001,Mahler State University,19.9,USA-MNWI-T4,Posted,TERRITORY 4,SANDRA M.,MN
Order,ORDST2148,2/3/2027 0:00,LAWRENCE0001,Lawrence Telemarketing,10.65,USA-IAKSNE-T3,Posted,TERRITORY 3,NANCY B.,KS
Order,ORDST2149,2/3/2027 0:00,BLUEYOND0001,Blue Yonder Airlines,19.9,USA-IAKSNE-T3,Posted,TERRITORY 3,NANCY B.,KS
Order,ORDST2150,2/4/2027 0:00,ASTORSUI0001,Astor Suites,10.65,USA-INMI-T2,Posted,TERRITORY 2,GREG E.,IN
Order,ORDST2151,2/5/2027 0:00,PLAZAONE0001,Plaza One,10.65,USA-MNWI-T4,Posted,TERRITORY 4,SANDRA M.,MN
Order,ORDST2152,2/8/2027 0:00,CONTOSOL0001,"Contoso, Ltd.",128.35,USA-IAKSNE-T3,Posted,TERRITORY 3,NANCY B.,NE
Order,ORDST2153,2/9/2027 0:00,VANCOUVE0001,Vancouver Resort Hotels,3006.65,CAN-ABBCYKNWTT7,Posted,TERRITORY 7,ERIN J.,BC
Order,ORDST2154,2/9/2027 0:00,PLAZAONE0001,Plaza One,3006.65,USA-MNWI-T4,Posted,TERRITORY 4,SANDRA M.,MN
Order,ORDST2155,2/10/2027 0:00,CENTRALC0001,Central Communications LTD,6013.3,USA-ILMO-T1,Posted,TERRITORY 1,PAUL W.,IL
Order,ORDST2156,2/11/2027 0:00,MAGNIFIC0001,Magnificent Office Images,6013.3,CAN-ONMBSK-T6,Posted,TERRITORY 6,GARY W.,MB
Order,ORDST2157,2/14/2027 0:00,METROPOL0001,Metropolitan Fiber Systems,2567.95,USA-MNWI-T4,Posted,TERRITORY 4,SANDRA M.,WI
Order,ORDST2158,2/15/2027 0:00,MAHLERST0001,Mahler State University,2399.95,USA-MNWI-T4,Posted,TERRITORY 4,SANDRA M.,MN
Order,ORDST2159,2/16/2027 0:00,LAWRENCE0001,Lawrence Telemarketing,5135.9,USA-IAKSNE-T3,Posted,TERRITORY 3,NANCY B.,KS
Order,ORDST2160,2/17/2026 0:00,BLUEYOND0001,Blue Yonder Airlines,2399.95,USA-IAKSNE-T3,Posted,TERRITORY 3,NANCY B.,KS
Order,ORDST2161,2/17/2027 0:00,ASTORSUI0001,Astor Suites,10.65,USA-INMI-T2,Posted,TERRITORY 2,GREG E.,IN
Order,ORDST2162,2/18/2026 0:00,PLAZAONE0001,Plaza One,2567.95,USA-MNWI-T4,Posted,TERRITORY 4,SANDRA M.,MN
Order,ORDST2163,2/18/2026 0:00,VANCOUVE0001,Vancouver Resort Hotels,171.1,CAN-ABBCYKNWTT7,Posted,TERRITORY 7,ERIN J.,BC
Order,ORDST2164,2/19/2026 0:00,AARONFIT0001,Aaron Fitz Electrical,2910.14,USA-ILMO-T1,Posted,TERRITORY 1,PAUL W.,IL
Order,ORDST2165,2/20/2026 0:00,PLAZAONE0001,Plaza One,2567.95,USA-MNWI-T4,Posted,TERRITORY 4,SANDRA M.,MN
Order,ORDST2166,2/20/2026 0:00,CENTRALC0001,Central Communications LTD,2567.95,USA-ILMO-T1,Posted,TERRITORY 1,PAUL W.,IL
Order,ORDST2167,2/21/2026 0:00,MAGNIFIC0001,Magnificent Office Images,256.59,CAN-ONMBSK-T6,Posted,TERRITORY 6,GARY W.,MB
Order,ORDST2168,2/22/2026 0:00,METROPOL0001,Metropolitan Fiber Systems,64.15,USA-MNWI-T4,Posted,TERRITORY 4,SANDRA M.,WI
Order,ORDST2169,2/22/2026 0:00,ASTORSUI0001,Astor Suites,1433.75,USA-INMI-T2,Posted,TERRITORY 2,GREG E.,IN
Order,ORDST2170,2/22/2026 0:00,PLAZAONE0001,Plaza One,205.7,USA-MNWI-T4,Posted,TERRITORY 4,SANDRA M.,MN
Order,ORDST2171,2/23/2026 0:00,HOLLINGC0001,Holling Communications Inc.,203.25,USA-ILMO-T1,Posted,TERRITORY 1,PAUL W.,MO
Order,ORDST2172,2/23/2026 0:00,BREAKTHR0001,Breakthrough Telemarketing,21.3,CAN-PQMT-T5,Posted,TERRITORY 5,FRANCINE B.,PQ
Order,ORDST2173,2/24/2026 0:00,HOLLINGC0001,Holling Communications Inc.,256.59,USA-ILMO-T1,Posted,TERRITORY 1,PAUL W.,MO
Order,ORDST2174,2/25/2026 0:00,AARONFIT0001,Aaron Fitz Electrical,406.5,USA-ILMO-T1,Posted,TERRITORY 1,PAUL W.,IL
Order,ORDST2175,2/25/2026 0:00,CONTOSOL0001,"Contoso, Ltd.",652.65,USA-IAKSNE-T3,Posted,TERRITORY 3,NANCY B.,NE
Order,ORDST2176,2/26/2026 0:00,VANCOUVE0001,Vancouver Resort Hotels,117.65,CAN-ABBCYKNWTT7,Posted,TERRITORY 7,ERIN J.,BC
Order,ORDST2177,2/27/2026 0:00,PLAZAONE0001,Plaza One,609.75,USA-MNWI-T4,Posted,TERRITORY 4,SANDRA M.,MN
Order,ORDST2178,2/28/2026 0:00,CENTRALC0001,Central Communications LTD,1219.49,USA-ILMO-T1,Posted,TERRITORY 1,PAUL W.,IL
Order,ORDST2179,2/28/2026 0:00,MAGNIFIC0001,Magnificent Office Images,812.99,CAN-ONMBSK-T6,Posted,TERRITORY 6,GARY W.,MB
Order,ORDST2180,3/1/2026 0:00,METROPOL0001,Metropolitan Fiber Systems,2054.3,USA-MNWI-T4,Posted,TERRITORY 4,SANDRA M.,WI
Order,ORDST2181,3/2/2026 0:00,MAHLERST0001,Mahler State University,359.85,USA-MNWI-T4,Posted,TERRITORY 4,SANDRA M.,MN
Order,ORDST2182,3/2/2026 0:00,LAWRENCE0001,Lawrence Telemarketing,29638.9,USA-IAKSNE-T3,Posted,TERRITORY 3,NANCY B.,KS
Order,ORDST2183,3/3/2027 0:00,BLUEYOND0001,Blue Yonder Airlines,109.95,USA-IAKSNE-T3,Posted,TERRITORY 3,NANCY B.,KS
Order,ORDST2184,3/3/2027 0:00,ASTORSUI0001,Astor Suites,53.24,USA-INMI-T2,Posted,TERRITORY 2,GREG E.,IN
Order,ORDST2185,3/4/2027 0:00,PLAZAONE0001,Plaza One,31.95,USA-MNWI-T4,Posted,TERRITORY 4,SANDRA M.,MN
Order,ORDST2186,3/4/2027 0:00,VANCOUVE0001,Vancouver Resort Hotels,21.3,CAN-ABBCYKNWTT7,Posted,TERRITORY 7,ERIN J.,BC
Order,ORDST2187,3/4/2027 0:00,AARONFIT0001,Aaron Fitz Electrical,256.7,USA-ILMO-T1,Posted,TERRITORY 1,PAUL W.,IL
Order,ORDST2188,3/4/2027 0:00,AARONFIT0001,Aaron Fitz Electrical,235.3,USA-ILMO-T1,Posted,TERRITORY 1,PAUL W.,IL
Order,ORDST2189,3/5/2027 0:00,PLAZAONE0001,Plaza One,170.99,USA-MNWI-T4,Posted,TERRITORY 4,SANDRA M.,MN
Order,ORDST2190,3/6/2027 0:00,CENTRALC0001,Central Communications LTD,21.35,USA-ILMO-T1,Posted,TERRITORY 1,PAUL W.,IL
Order,ORDST2191,3/7/2027 0:00,MAGNIFIC0001,Magnificent Office Images,2867.5,CAN-ONMBSK-T6,Posted,TERRITORY 6,GARY W.,MB
Order,ORDST2192,3/8/2027 0:00,METROPOL0001,Metropolitan Fiber Systems,609.75,USA-MNWI-T4,Posted,TERRITORY 4,SANDRA M.,WI
Order,ORDST2193,3/9/2027 0:00,ASTORSUI0001,Astor Suites,44458.35,USA-INMI-T2,Posted,TERRITORY 2,GREG E.,IN
Order,ORDST2194,3/10/2027 0:00,MAHLERST0001,Mahler State University,759.8,USA-MNWI-T4,Posted,TERRITORY 4,SANDRA M.,MN
Order,ORDST2195,3/11/2027 0:00,LAWRENCE0001,Lawrence Telemarketing,609.75,USA-IAKSNE-T3,Posted,TERRITORY 3,NANCY B.,KS
Order,ORDST2196,3/11/2027 0:00,BLUEYOND0001,Blue Yonder Airlines,1919.9,USA-IAKSNE-T3,Posted,TERRITORY 3,NANCY B.,KS
Order,ORDST2197,3/11/2027 0:00,ASTORSUI0001,Astor Suites,128.35,USA-INMI-T2,Posted,TERRITORY 2,GREG E.,IN
Order,ORDST2198,3/12/2027 0:00,PLAZAONE0001,Plaza One,59277.79,USA-MNWI-T4,Posted,TERRITORY 4,SANDRA M.,MN
Order,ORDST2199,3/13/2027 0:00,VANCOUVE0001,Vancouver Resort Hotels,352.94,CAN-ABBCYKNWTT7,Posted,TERRITORY 7,ERIN J.,BC
Order,ORDST2200,3/14/2027 0:00,AARONFIT0001,Aaron Fitz Electrical,127.77,USA-ILMO-T1,Posted,TERRITORY 1,PAUL W.,IL
Order,ORDST2201,3/14/2027 0:00,AARONFIT0001,Aaron Fitz Electrical,383.29,USA-ILMO-T1,Posted,TERRITORY 1,PAUL W.,IL
Order,ORDST2202,3/15/2027 0:00,PLAZAONE0001,Plaza One,42.59,USA-MNWI-T4,Posted,TERRITORY 4,SANDRA M.,MN
Order,ORDST2203,3/16/2027 0:00,CENTRALC0001,Central Communications LTD,256.7,USA-ILMO-T1,Posted,TERRITORY 1,PAUL W.,IL
Order,ORDST2204,3/17/2027 0:00,MAGNIFIC0001,Magnificent Office Images,1176.47,CAN-ONMBSK-T6,Posted,TERRITORY 6,GARY W.,MB
Order,ORDST2205,3/17/2027 0:00,METROPOL0001,Metropolitan Fiber Systems,170.99,USA-MNWI-T4,Posted,TERRITORY 4,SANDRA M.,WI
Order,ORDST2206,3/18/2027 0:00,ASTORSUI0001,Astor Suites,42.7,USA-INMI-T2,Posted,TERRITORY 2,GREG E.,IN
Order,ORDST2207,3/18/2027 0:00,PLAZAONE0001,Plaza One,8602.49,USA-MNWI-T4,Posted,TERRITORY 4,SANDRA M.,MN
Order,ORDST2208,3/18/2027 0:00,HOLLINGC0001,Holling Communications Inc.,256.65,USA-ILMO-T1,Posted,TERRITORY 1,PAUL W.,MO
Order,ORDST2209,3/19/2027 0:00,BREAKTHR0001,Breakthrough Telemarketing,23111.52,CAN-PQMT-T5,Posted,TERRITORY 5,FRANCINE B.,PQ
Order,ORDST2210,3/20/2027 0:00,HOLLINGC0001,Holling Communications Inc.,855.47,USA-ILMO-T1,Posted,TERRITORY 1,PAUL W.,MO
Order,ORDST2211,3/21/2027 0:00,MAHLERST0001,Mahler State University,28799.4,USA-MNWI-T4,Posted,TERRITORY 4,SANDRA M.,MN
Order,ORDST2212,3/22/2027 0:00,LAWRENCE0001,Lawrence Telemarketing,5135.9,USA-IAKSNE-T3,Posted,TERRITORY 3,NANCY B.,KS
Order,ORDST2213,3/23/2027 0:00,BLUEYOND0001,Blue Yonder Airlines,59.95,USA-IAKSNE-T3,Posted,TERRITORY 3,NANCY B.,KS
Order,ORDST2214,3/24/2027 0:00,ASTORSUI0001,Astor Suites,513.18,USA-INMI-T2,Posted,TERRITORY 2,GREG E.,IN
Order,ORDST2215,3/25/2027 0:00,PLAZAONE0001,Plaza One,1433.75,USA-MNWI-T4,Posted,TERRITORY 4,SANDRA M.,MN
Order,ORDST2216,3/26/2027 0:00,VANCOUVE0001,Vancouver Resort Hotels,448.76,CAN-ABBCYKNWTT7,Posted,TERRITORY 7,ERIN J.,BC
Order,ORDST2217,3/27/2027 0:00,AARONFIT0001,Aaron Fitz Electrical,203.25,USA-ILMO-T1,Posted,TERRITORY 1,PAUL W.,IL
Order,ORDST2218,3/28/2027 0:00,AARONFIT0001,Aaron Fitz Electrical,42.59,USA-ILMO-T1,Posted,TERRITORY 1,PAUL W.,IL
Order,ORDST2219,3/29/2027 0:00,PLAZAONE0001,Plaza One,384.89,USA-MNWI-T4,Posted,TERRITORY 4,SANDRA M.,MN
Order,ORDST2220,3/30/2027 0:00,AARONFIT0001,Aaron Fitz Electrical,609.75,USA-ILMO-T1,Posted,TERRITORY 1,PAUL W.,IL
Order,ORDST2221,3/31/2027 0:00,BREAKTHR0001,Breakthrough Telemarketing,1305.3,CAN-PQMT-T5,Posted,TERRITORY 5,FRANCINE B.,PQ
Order,ORDST2222,3/31/2027 0:00,HOLLINGC0001,Holling Communications Inc.,117.65,USA-ILMO-T1,Posted,TERRITORY 1,PAUL W.,MO
Order,ORD1008,9/11/2026 0:00,AARONFIT0001,Aaron Fitz Electrical,128.3,USA-ILMO-T1,Posted,TERRITORY 1,PAUL W.,IL
Order,ORD1009,9/11/2026 0:00,ADAMPARK0001,Adam Park Resort,2567.95,USA-INMI-T2,Posted,TERRITORY 2,GREG E.,IN
Order,ORDST1018,7/8/2024 0:00,COUNTRYV0001,Country View Estates,186.67,NEWZEALAND-T8,Posted,TERRITORY 8,IAN M.,
Order,ORDST1019,7/8/2024 0:00,ADVANCED0002,Advanced Tech Satellite System,276.58,CAN-ONMBSK-T6,Posted,TERRITORY 6,GARY W.,ON
Order,ORDST1020,7/8/2024 0:00,DOLLISCO0001,Dollis Cove Resort,135.37,CAN-PQMT-T5,Posted,TERRITORY 5,FRANCINE B.,PEI
Order,ORDST1021,7/8/2024 0:00,LONDONBE0001,Londonberry Nursing Home,134.95,NEWZEALAND-T8,Posted,TERRITORY 8,IAN M.,
Order,ORDST1017,5/22/2024 0:00,LEISURET0001,Leisure & Travel Consultants,11397,AUSTRALIA-T8,Posted,TERRITORY 8,IAN M.,NSW
Order,ORDST1022,7/7/2024 0:00,CASTLEIN0001,Castle Inn Resort,128.35,CAN-ONMBSK-T6,Posted,TERRITORY 6,GARY W.,ON
Order,ORDST1023,7/7/2024 0:00,ADVANCED0002,Advanced Tech Satellite System,317.47,CAN-ONMBSK-T6,Posted,TERRITORY 6,GARY W.,ON
Quote,QTEST1017,5/17/2024 0:00,SINCLAIR0001,Sinclair State University,699.75,USA-ILMO-T1,Posted,TERRITORY 1,PAUL W.,IL
Order,ORD1003,5/7/2024 0:00,OFFICEDE0001,Office Design Systems Ltd,74910.65,CAN-ABBCYKNWTT7,Posted,TERRITORY 7,ERIN J.,AB
Order,ORD1006,5/16/2024 0:00,KENSINGT0001,Kensington Gardens Resort,7051.25,USA-MNWI-T4,Posted,TERRITORY 4,SANDRA M.,WI
Order,ORDPH1002,5/17/2024 0:00,WESTCENT0001,West Central Distributors,99.75,USA-ILMO-T1,Posted,TERRITORY 1,PAUL W.,IL
Order,ORDPH1003,5/16/2024 0:00,CENTRALI0001,Central Illinois Hospital,10946,USA-ILMO-T1,Posted,TERRITORY 1,PAUL W.,IL
Order,ORDPH1004,5/22/2024 0:00,MIDLANDC0001,Midland Construction,42.75,USA-INMI-T2,Posted,TERRITORY 2,GREG E.,IN
Order,ORDRP1000,5/24/2024 0:00,ATMORERE0001,Atmore Retirement Center,42.75,USA-ILMO-T1,Posted,TERRITORY 1,PAUL W.,IL
Order,ORDST1002,4/28/2024 0:00,ASSOCIAT0001,Associated Insurance Company,695.4,USA-IAKSNE-T3,Posted,TERRITORY 3,NANCY B.,NE
Order,ORDST1011,5/20/2024 0:00,LAWRENCE0001,Lawrence Telemarketing,513.5,USA-IAKSNE-T3,Posted,TERRITORY 3,NANCY B.,KS
Order,ORDST1012,5/27/2024 0:00,WESTSIDE0001,Westside Cable Service,385.1,USA-INMI-T2,Posted,TERRITORY 2,GREG E.,MI
Order,ORDST1014,5/19/2024 0:00,LASERMES0001,Laser Messenger Service,519.6,USA-MNWI-T4,Posted,TERRITORY 4,SANDRA M.,MN
Order,ORDST1015,5/28/2024 0:00,METROPOL0001,Metropolitan Fiber Systems,7051.25,USA-MNWI-T4,Posted,TERRITORY 4,SANDRA M.,WI
Order,ORD1005,5/29/2024 0:00,COMMUNIC0002,Communication Connections,705.89,CAN-ABBCYKNWTT7,Posted,TERRITORY 7,ERIN J.,BC
Order,ORDST1013,5/19/2024 0:00,COMMUNIC0001,Communication Connections,213.47,CAN-ONMBSK-T6,Posted,TERRITORY 6,GARY W.,MB
Order,ORD1004,5/18/2024 0:00,VISIONIN0001,Vision Inc.,73947.65,USA-INMI-T2,Posted,TERRITORY 2,GREG E.,IN
Order,ORDSPEC1000,5/26/2024 0:00,COMPUTER0001,Computerized Phone Systems,128.35,USA-MNWI-T4,Posted,TERRITORY 4,SANDRA M.,WI
Order,ORDSPEC1001,5/19/2024 0:00,COUNTRYV0001,Country View Estates,89.89,NEWZEALAND-T8,Posted,TERRITORY 8,IAN M.,
Order,ORDST1024,5/8/2025 0:00,ADAMPARK0001,Adam Park Resort,128.2,USA-INMI-T2,Posted,TERRITORY 2,GREG E.,IN
Order,ORDST1026,5/8/2025 0:00,AARONFIT0001,Aaron Fitz Electrical,5873.79,USA-ILMO-T1,Posted,TERRITORY 1,PAUL W.,IL
Order,ORDST1025,5/8/2025 0:00,BAKERSEM0001,Baker's Emporium Inc.,9479.68,USA-INMI-T2,Posted,TERRITORY 2,GREG E.,IN
Order,ORDST2223,5/8/2027 0:00,AMERICAN0001,American Science Museum,0,USA-ILMO-T1,Posted,TERRITORY 1,PAUL W.,MO
Order,ORDPH1007,5/10/2024 0:00,CONTOSOL0001,"Contoso, Ltd.",117.65,USA-IAKSNE-T3,Posted,TERRITORY 3,NANCY B.,NE
Order,ORDST1008,5/10/2024 0:00,MAHLERST0001,Mahler State University,5999.95,USA-MNWI-T4,Posted,TERRITORY 4,SANDRA M.,MN
Order,ORDST1009,5/11/2024 0:00,LAWRENCE0001,Lawrence Telemarketing,9.37,USA-IAKSNE-T3,Posted,TERRITORY 3,NANCY B.,KS
Order,ORDST1010,5/13/2024 0:00,BLUEYOND0001,Blue Yonder Airlines,1349.95,USA-IAKSNE-T3,Posted,TERRITORY 3,NANCY B.,KS
Order,ORDST1016,5/10/2024 0:00,BAKERSEM0001,Baker's Emporium Inc.,349.5,USA-INMI-T2,Posted,TERRITORY 2,GREG E.,IN
Quote,QTE1002,5/6/2024 0:00,ASTORSUI0001,Astor Suites,31.95,USA-INMI-T2,Posted,TERRITORY 2,GREG E.,IN
Quote,QTERP1000,5/14/2024 0:00,BAKERSEM0001,Baker's Emporium Inc.,349.5,USA-INMI-T2,Posted,TERRITORY 2,GREG E.,IN
Quote,QTEST1005,5/6/2024 0:00,LECLERC0001,LeClerc & Associates,406.5,CAN-PQMT-T5,Posted,TERRITORY 5,FRANCINE B.,PQ
Order,ORDST2000,1/1/2026 0:00,CONTOSOL0001,"Contoso, Ltd.",3263.24,USA-IAKSNE-T3,Posted,TERRITORY 3,NANCY B.,NE
Order,ORDST2001,1/2/2026 0:00,AMERICAN0001,American Science Museum,1139.7,USA-ILMO-T1,Posted,TERRITORY 1,PAUL W.,MO
Order,ORDST2002,1/3/2026 0:00,AARONFIT0001,Aaron Fitz Electrical,1219.49,USA-ILMO-T1,Posted,TERRITORY 1,PAUL W.,IL
Order,ORDST2003,1/3/2026 0:00,ADVANCED0001,Advanced Paper Co.,479.8,USA-ILMO-T1,Posted,TERRITORY 1,PAUL W.,IL
Order,ORDST2004,1/4/2026 0:00,RIVERSID0001,Riverside University,379.9,CAN-ABBCYKNWTT7,Posted,TERRITORY 7,ERIN J.,BC
Order,ORDST2005,1/5/2026 0:00,AARONFIT0001,Aaron Fitz Electrical,959.95,USA-ILMO-T1,Posted,TERRITORY 1,PAUL W.,IL
Order,ORDST2006,1/5/2026 0:00,AARONFIT0001,Aaron Fitz Electrical,399.75,USA-ILMO-T1,Posted,TERRITORY 1,PAUL W.,IL
Order,ORDST2007,1/6/2026 0:00,PLAZAONE0001,Plaza One,299.9,USA-MNWI-T4,Posted,TERRITORY 4,SANDRA M.,MN
Order,ORDST2008,1/6/2026 0:00,LONDONBE0001,Londonberry Nursing Home,359.85,NEWZEALAND-T8,Posted,TERRITORY 8,IAN M.,
Order,ORDST2009,1/7/2026 0:00,MIDLANDC0001,Midland Construction,39.9,USA-INMI-T2,Posted,TERRITORY 2,GREG E.,IN
Order,ORDST2010,1/7/2026 0:00,AARONFIT0001,Aaron Fitz Electrical,379.9,USA-ILMO-T1,Posted,TERRITORY 1,PAUL W.,IL
Order,ORDST2011,1/8/2026 0:00,AARONFIT0001,Aaron Fitz Electrical,53.24,USA-ILMO-T1,Posted,TERRITORY 1,PAUL W.,IL
Order,ORDST2012,1/8/2026 0:00,AARONFIT0001,Aaron Fitz Electrical,53.24,USA-ILMO-T1,Posted,TERRITORY 1,PAUL W.,IL
Order,ORDST2013,1/9/2026 0:00,ISNINDUS0001,ISN Industries,1444.45,USA-ILMO-T1,Posted,TERRITORY 1,PAUL W.,IL
Order,ORDST2014,1/10/2026 0:00,CONTOSOL0001,"Contoso, Ltd.",203.25,USA-IAKSNE-T3,Posted,TERRITORY 3,NANCY B.,NE
Order,ORDST2015,1/11/2026 0:00,VANCOUVE0001,Vancouver Resort Hotels,652.65,CAN-ABBCYKNWTT7,Posted,TERRITORY 7,ERIN J.,BC
Order,ORDST2016,1/12/2026 0:00,PLAZAONE0001,Plaza One,1016.24,USA-MNWI-T4,Posted,TERRITORY 4,SANDRA M.,MN
Order,ORDST2017,1/13/2026 0:00,CENTRALC0001,Central Communications LTD,31.95,USA-ILMO-T1,Posted,TERRITORY 1,PAUL W.,IL
Order,ORDST2018,1/14/2026 0:00,MAGNIFIC0001,Magnificent Office Images,770.3,CAN-ONMBSK-T6,Posted,TERRITORY 6,GARY W.,MB
Order,ORDST2019,1/15/2026 0:00,METROPOL0001,Metropolitan Fiber Systems,31.95,USA-MNWI-T4,Posted,TERRITORY 4,SANDRA M.,WI
Order,ORDST2020,1/16/2026 0:00,MAHLERST0001,Mahler State University,11999.9,USA-MNWI-T4,Posted,TERRITORY 4,SANDRA M.,MN
Order,ORDST2021,1/17/2026 0:00,LAWRENCE0001,Lawrence Telemarketing,6419.95,USA-IAKSNE-T3,Posted,TERRITORY 3,NANCY B.,KS
Order,ORDST2022,1/18/2026 0:00,BLUEYOND0001,Blue Yonder Airlines,1349.95,USA-IAKSNE-T3,Posted,TERRITORY 3,NANCY B.,KS
Order,ORDST2023,1/19/2026 0:00,ASTORSUI0001,Astor Suites,31.95,USA-INMI-T2,Posted,TERRITORY 2,GREG E.,IN
Quote,QTEST1006,5/9/2024 0:00,BOYLESCO0001,Boyle's Country Inn's,731.94,AUSTRALIA-T8,Posted,TERRITORY 8,IAN M.,VIC
Quote,QTEST1007,5/11/2024 0:00,CENTRALC0001,Central Communications LTD,31.95,USA-ILMO-T1,Posted,TERRITORY 1,PAUL W.,IL
Quote,QTEST1008,5/11/2024 0:00,BREAKTHR0001,Breakthrough Telemarketing,42.59,CAN-PQMT-T5,Posted,TERRITORY 5,FRANCINE B.,PQ
Quote,QTEST1009,5/15/2024 0:00,CONTOSOL0001,"Contoso, Ltd.",117.65,USA-IAKSNE-T3,Posted,TERRITORY 3,NANCY B.,NE
Quote,QTEST1019,7/8/2024 0:00,CASTLEIN0001,Castle Inn Resort,128.35,CAN-ONMBSK-T6,Posted,TERRITORY 6,GARY W.,ON
Quote,QTEST1020,7/8/2024 0:00,ADVANCED0002,Advanced Tech Satellite System,317.47,CAN-ONMBSK-T6,Posted,TERRITORY 6,GARY W.,ON
Order,ORDST2118,1/2/2027 0:00,AMERICAN0001,American Science Museum,1219.49,USA-ILMO-T1,Posted,TERRITORY 1,PAUL W.,MO
Order,ORDST2119,1/3/2027 0:00,AARONFIT0001,Aaron Fitz Electrical,1219.49,USA-ILMO-T1,Posted,TERRITORY 1,PAUL W.,IL
Order,ORDST2120,1/3/2027 0:00,ADVANCED0001,Advanced Paper Co.,256.59,USA-ILMO-T1,Posted,TERRITORY 1,PAUL W.,IL
Order,ORDST2121,1/4/2027 0:00,RIVERSID0001,Riverside University,406.5,CAN-ABBCYKNWTT7,Posted,TERRITORY 7,ERIN J.,BC
Order,ORDST2122,1/5/2027 0:00,AARONFIT0001,Aaron Fitz Electrical,1027.15,USA-ILMO-T1,Posted,TERRITORY 1,PAUL W.,IL
Order,ORDST2123,1/5/2027 0:00,AARONFIT0001,Aaron Fitz Electrical,427.74,USA-ILMO-T1,Posted,TERRITORY 1,PAUL W.,IL
Order,ORDST2125,1/6/2027 0:00,PLAZAONE0001,Plaza One,342.3,USA-MNWI-T4,Posted,TERRITORY 4,SANDRA M.,MN
Order,ORDST2126,1/6/2027 0:00,LONDONBE0001,Londonberry Nursing Home,404.84,NEWZEALAND-T8,Posted,TERRITORY 8,IAN M.,
Order,ORDST2127,1/7/2027 0:00,MIDLANDC0001,Midland Construction,42.7,USA-INMI-T2,Posted,TERRITORY 2,GREG E.,IN
Order,ORDST2128,1/7/2027 0:00,AARONFIT0001,Aaron Fitz Electrical,406.5,USA-ILMO-T1,Posted,TERRITORY 1,PAUL W.,IL
Order,ORDST2129,1/8/2027 0:00,AARONFIT0001,Aaron Fitz Electrical,53.24,USA-ILMO-T1,Posted,TERRITORY 1,PAUL W.,IL
Order,ORDST2130,1/8/2027 0:00,AARONFIT0001,Aaron Fitz Electrical,53.24,USA-ILMO-T1,Posted,TERRITORY 1,PAUL W.,IL
Order,ORDST2024,1/21/2026 0:00,PLAZAONE0001,Plaza One,812.99,USA-MNWI-T4,Posted,TERRITORY 4,SANDRA M.,MN
Order,ORDST2025,1/22/2026 0:00,VANCOUVE0001,Vancouver Resort Hotels,25679.47,CAN-ABBCYKNWTT7,Posted,TERRITORY 7,ERIN J.,BC
Order,ORDST2026,1/23/2026 0:00,AARONFIT0001,Aaron Fitz Electrical,128.35,USA-ILMO-T1,Posted,TERRITORY 1,PAUL W.,IL
Order,ORDST2027,1/24/2026 0:00,AARONFIT0001,Aaron Fitz Electrical,117.65,USA-ILMO-T1,Posted,TERRITORY 1,PAUL W.,IL
Order,ORDST2028,1/25/2026 0:00,ADAMPARK0001,Adam Park Resort,641.47,USA-INMI-T2,Posted,TERRITORY 2,GREG E.,IN
Order,ORDST2029,1/26/2026 0:00,AARONFIT0001,Aaron Fitz Electrical,641.47,USA-ILMO-T1,Posted,TERRITORY 1,PAUL W.,IL
Order,ORDST2030,1/27/2026 0:00,AARONFIT0001,Aaron Fitz Electrical,128.3,USA-ILMO-T1,Posted,TERRITORY 1,PAUL W.,IL
Order,ORDST2031,1/28/2026 0:00,CONTOSOL0001,"Contoso, Ltd.",320.74,USA-IAKSNE-T3,Posted,TERRITORY 3,NANCY B.,NE
Order,ORDST2032,1/29/2026 0:00,VANCOUVE0001,Vancouver Resort Hotels,64.15,CAN-ABBCYKNWTT7,Posted,TERRITORY 7,ERIN J.,BC
Order,ORDST2045,2/9/2026 0:00,VANCOUVE0001,Vancouver Resort Hotels,5135.9,CAN-ABBCYKNWTT7,Posted,TERRITORY 7,ERIN J.,BC
Order,ORDST2046,2/9/2026 0:00,PLAZAONE0001,Plaza One,2567.95,USA-MNWI-T4,Posted,TERRITORY 4,SANDRA M.,MN
Order,ORDST2047,2/10/2026 0:00,CENTRALC0001,Central Communications LTD,5135.9,USA-ILMO-T1,Posted,TERRITORY 1,PAUL W.,IL
Order,ORDST2033,1/30/2026 0:00,PLAZAONE0001,Plaza One,256.7,USA-MNWI-T4,Posted,TERRITORY 4,SANDRA M.,MN
Order,ORDST2034,1/31/2026 0:00,CENTRALC0001,Central Communications LTD,320.74,USA-ILMO-T1,Posted,TERRITORY 1,PAUL W.,IL
Order,ORDST2035,2/1/2026 0:00,MAGNIFIC0001,Magnificent Office Images,641.47,CAN-ONMBSK-T6,Posted,TERRITORY 6,GARY W.,MB
Order,ORDST2036,2/2/2026 0:00,METROPOL0001,Metropolitan Fiber Systems,53.24,USA-MNWI-T4,Posted,TERRITORY 4,SANDRA M.,WI
Order,ORDST2038,2/3/2026 0:00,LAWRENCE0001,Lawrence Telemarketing,10.65,USA-IAKSNE-T3,Posted,TERRITORY 3,NANCY B.,KS
Order,ORDST2037,2/3/2026 0:00,MAHLERST0001,Mahler State University,19.9,USA-MNWI-T4,Posted,TERRITORY 4,SANDRA M.,MN
Order,ORDST2039,2/3/2026 0:00,BLUEYOND0001,Blue Yonder Airlines,19.9,USA-IAKSNE-T3,Posted,TERRITORY 3,NANCY B.,KS
Order,ORDST2040,2/4/2026 0:00,ASTORSUI0001,Astor Suites,10.65,USA-INMI-T2,Posted,TERRITORY 2,GREG E.,IN
Order,ORDST2041,2/5/2026 0:00,PLAZAONE0001,Plaza One,10.65,USA-MNWI-T4,Posted,TERRITORY 4,SANDRA M.,MN
Order,ORDST2042,2/6/2026 0:00,VANCOUVE0001,Vancouver Resort Hotels,128.3,CAN-ABBCYKNWTT7,Posted,TERRITORY 7,ERIN J.,BC
Order,ORDST2043,2/7/2026 0:00,AARONFIT0001,Aaron Fitz Electrical,320.74,USA-ILMO-T1,Posted,TERRITORY 1,PAUL W.,IL
Order,ORDST2044,2/8/2026 0:00,CONTOSOL0001,"Contoso, Ltd.",128.35,USA-IAKSNE-T3,Posted,TERRITORY 3,NANCY B.,NE
Order,ORDST2048,2/11/2026 0:00,MAGNIFIC0001,Magnificent Office Images,5135.9,CAN-ONMBSK-T6,Posted,TERRITORY 6,GARY W.,MB
